Ocotea costulata;Abacatirana;m;r;am;6.6;3.9;11.6;0.50;0.62;0.94;9500;65.5;32.6;5.4;8.6;4830;4250;3.4;470;;Ocotea costulara;10100;92.6;52.7;7.3;11.2;5650;4650;3.4;470;1.7
Pouteria oppositifolia;Abiu-branco;f;in;ma;7.8;4.6;12.5;0.65;0.83;1.20;10900;88.1;44.3;7.4;;6770;6430;4.5;;;Pouteria oppositifolia;;;;;;;;;;1.7
Prieurella prieurii ;Abiu-de-casca-fina;m;d;ma;13.0;7.7;20.3;0.83;0.99;;16900;126.8;59.1;12.4;13.8;10310;10530;4.8;650;;Prieurella prieuria;17500;177.4;76.0;15.3;20.0;12120;12360;4.3;;1.7
Pouteria egregia;Abiu-pitomba;mf;i;ma;11.2;6.8;15.7;0.84;1.12;1.23;15300;120.7;61.8;10.1;12.9;10970;11670;4.5;770;;Pouteria egregia;17900;175.2;90.7;15.0;19.4;14810;13380;5.8;900;1.6
Diploon venezuelana;Abiurana;f;d;ma;10.1;7.1;15.7;0.85;1.13;1.20;14900;118.8;57.1;16.3;12.8;9120;9490;5.4;860;;Diploon venezuelana;18100;190.6;98.3;19.8;20.0;12060;13360;3.2;550;1.4
Pouteria guianensis;Abiurana;m;o;ve;9.0;5.1;13.3;0.83;0.94;1.28;15200;119.1;50.4;21.2;11.6;8350;8530;5.6;;;Pouteria guianensis;;143.3;69.4;;12.9;12030;13250;6.1;;1.8
Micropholis guianensis;Abiurana-branca;f;d;ma;11.2;6.6;16.6;0.67;0.90;1.19;12300;87.7;36.6;5.9;9.3;6770;6140;2.5;550;;Micropholis guianensis;15200;132.9;76.1;11.0;8.1;9780;7280;2.5;760;1.7
Micropholis mensalis;Abiurana-branca;f;i;ma;9.6;5.2;14.7;0.60;0.74;1.11;12800;80.5;34.9;4.7;9.7;5270;4780;4.9;560;;Micropholis mensalis;13700;122.5;58.9;9.6;13.7;9780;7280;4.2;640;1.8
Pouteria gongrijpii;Abiurana-branca;f;d;ma;10.1;4.5;15.0;0.72;0.95;1.24;13400;101.0;43.1;9.5;11.9;7540;7680;4.5;710;;Pouteria gongrijpii;15600;147.3;77.0;12.8;18.0;11900;10870;4.9;800;2.2
Pouteria caimito;Abiurana-vermelha;mf;in;ve;9.5;5.5;14.9;0.85;0.91;1.24;15200;119.1;50.4;21.2;11.6;8350;8530;4.5;530;;Pouteria caimito;14900;152.2;78.2;12.9;11.2;13130;11180;9.0;1030;1.7
Pouteria caimito;Abiurana-vermelha;mf;in;ve;9.4;5.3;14.5;0.88;1.15;1.28;16300;133.3;66.4;14.0;14.6;10340;11530;5.4;700;;Pouteria caimito;17900;171.8;89.4;16.6;16.7;13500;10300;5.0;580;1.8
Hura creptans;Açacu;m;r;br;5.2;3.7;7.5;0.39;0.48;1.08;6500;34.8;16.1;2.6;5.6;2120;1760;2.4;300;;Hura creptans;8600;69.0;33.6;4.8;7.1;3920;2830;2.6;340;1.4
Lueheopsis duckeana;Açoita-cavalo;mf;r;ma;9.5;4.6;13.3;0.62;0.80;1.14;12500;82.3;35.3;5.9;9.3;5770;5500;3.9;600;;Lueheopis duckeana;14500;125.6;63.7;9.4;12.8;9730;8170;4.4;470;2.1
Lueheopsis duckeana;Açoita-cavalo;mf;r;ma;9.3;4.7;13.7;0.64;0.83;1.12;12200;81.4;38.2;6.2;8.4;6080;6000;3.8;;;Lueheopis duckeana;13800;127.1;61.0;10.9;12.0;9040;7860;4.7;;2.0
Parahancornia amapa;Amapá-amargoso;f;r;br;6.8;3.7;10.7;0.46;0.56;1.13;9300;55.3;25.2;3.3;7.0;3100;2510;3.4;470;;Parahancornia amapa;11300;90.8;46.8;6.1;9.8;5400;3580;4.0;520;1.8
Brosimum rubescens;Amapá-amargoso/Conduru;m;r;ve;8.1;5.3;12.0;0.71;0.81;1.24;14300;104.8;46.9;6.3;12.6;7180;6940;4.0;630;;Brosimum rubescens;16700;150.4;78.1;12.6;12.8;10860;9530;4.0;580;1.5
Brosimum rubescens;Amapá-amargoso/Conduru;m;r;ve;7.8;5.3;13.2;0.73;0.94;;13000;106.3;52.8;11.9;11.4;7790;7160;4.1;;;Brosimum rubescens;14900;139.4;72.7;12.5;13.7;10700;9180;4.2;;1.5
Brosimum parinarioides;Amapá-doce;m;r;ma;7.7;4.5;12.6;0.57;0.73;1.13;9000;68.8;34.3;5.5;8.0;4940;4500;3.9;;;Brosimum parinarioides;11500;104.3;58.1;8.2;10.2;7340;5670;3.0;;1.7
Brosimum potabile;Amapá-doce;m;r;ma;6.8;4.1;11.9;0.53;0.67;1.13;8900;67.9;32.5;4.1;7.6;4640;4320;3.6;;;Brosimum potabile;11000;99.1;56.1;8.4;10.4;7390;5370;3.2;;1.7
Maclura tinctoria;Amoreira;m;r;la;5.9;3.2;9.4;0.73;0.91;1.22;11300;89.9;53.1;15.1;11.0;7160;7790;5.2;630;;Maclura tinctoria;12900;156.5;87.8;22.8;15.9;11640;10820;5.4;700;1.8
Symphonia globulifera;Anani;m;d;ma;7.9;4.5;13.2;0.58;0.75;1.12;11700;78.0;38.8;5.9;8.9;5300;5270;4.1;450;;Symphonia globulifera;14000;111.4;62.5;7.3;10.6;6800;5710;3.3;330;1.8
Andira retusa;Andirá-uxi;g;r;ma;7.9;5.6;12.5;0.67;0.70;1.18;11000;86.1;44.3;7.3;10.8;7300;7530;4.7;630;;Andira retusa;13600;124.3;62.6;11.3;14.1;9850;8110;4.7;;1.4
Carapa guianensis;Andiroba;m;i;ma;7.0;4.5;11.8;0.56;0.71;;9100;72.9;37.0;6.7;8.8;5360;4650;5.2;;;Carapa guianensis;10500;96.7;54.5;9.7;9.8;8240;6400;;;1.5
Carapa guianensis;Andiroba;m;i;ma;8.1;4.4;12.6;0.59;0.76;1.03;9500;75.2;37.0;5.6;9.6;5830;5260;5.0;;;Carapa guianensis;12000;109.3;60.9;9.0;11.1;8410;6420;4.1;;1.8
Dicorynia paraensis;Angélica-do-pará;g;r;ci;7.2;3.6;11.5;0.45;0.58;1.09;7700;54.6;25.2;4.4;7.3;4280;3860;3.3;410;;Dicorynia paraensis ;9100;74.8;45.3;5.8;10.7;6080;4290;3.7;500;2.0
Vatairea guianensis;Angelim-amargoso;g;i;ma;9.7;4.8;14.8;0.64;0.83;1.21;11900;78.6;37.7;6.4;9.3;6120;6520;3.3;500;;Vatairea guianensis;13600;112.9;58.5;8.1;10.2;7500;6950;3.9;540;2.0
Vatairea paraensis;Angelim-amargoso;g;i;ma;9.8;4.8;14.0;0.78;1.02;1.24;13700;121.9;55.9;8.1;14.5;6950;7450;4.0;700;;Vatairea paraensis;15300;151.3;79.3;13.1;16.1;9340;9860;4.2;650;2.0
Vatairea sericea;Angelim-amargoso;mg;in;ma;8.4;4.5;13.9;0.71;0.90;1.22;13400;100.3;50.7;8.4;11.6;7410;7620;4.3;550;;Vatairea sericea;15200;138.1;66.1;11.4;14.1;7800;8050;3.6;500;1.9
Vatairea sericea ;Angelim-amargoso;m-g;i;;9.0;6.0;15.0;0.73;0.90;1.22;14400;102.1;59.7;10.1;11.6;7740;7870;3.1;640;;Vatairea sericea ;15000;133.6;81.9;14.0;14.3;12090;11610;3.6;620;1.5
Vataireopsis speciosa;Angelim-amargoso;g;r;ma;6.4;3.0;9.9;0.62;0.74;1.17;11900;103.2;;;;;;;;;Vataireopsis speciosa;11800;103.7;54.1;9.4;8.9;4980;4730;2.4;360;2.1
Hymenolobium sp.;Angelim-da-mata;g;r;ma;7.2;3.7;9.9;0.60;0.72;1.20;10800;82.2;38.8;5.5;10.1;5270;4940;4.4;650;;Hymenolobium sp.;12100;114.1;57.4;11.4;13.3;8300;6450;4.8;560;1.9
Hymenolobium cf. pulcherrimum;Angelim-pedra;g;r;ro;9.0;5.4;13.6;0.60;0.71;1.17;11200;89.5;43.6;5.6;8.9;4980;4870;3.1;510;;Hymenolobium cf.pulcherrimum;12700;114.8;63.9;9.9;12.6;6400;5470;3.6;540;1.7
Hymenolobium modestum;Angelim-pedra;g;r;ve;7.7;4.6;13.5;0.65;0.84;1.19;12800;93.1;44.1;6.8;11.2;6200;6380;4.1;570;;Hymenolobium modestum;13500;120.8;61.1;10.7;14.0;8060;7470;3.9;550;1.7
Hymenolobium nitidum;Angelim-pedra;g;r;ma;7.2;4.3;11.8;0.55;0.69;1.16;10100;65.8;34.1;5.4;8.9;4680;4380;3.7;490;;Hymenolobium nitidum;11800;96.2;53.5;8.6;12.7;7400;5700;3.8;510;1.7
Hymenolobium petraeun;Angelim-pedra;g;r;ma;6.3;4.1;10.1;0.59;0.71;1.19;9600;72.0;38.8;6.5;10.2;5430;5150;4.3;;;Hymenolobium petraeum;11800;111.5;53.3;11.5;12.5;7810;5900;3.9;;1.5
Marmaroxylon racemosum;Angelim-rajado;m;d;am;9.3;5.9;15.2;0.79;0.99;1.26;13900;104.3;52.2;11.5;12.5;9560;10270;4.3;;;Marmaroxylon racemosum;16700;166.8;80.7;19.3;17.6;15180;14410;2.9;;1.6
Andira sp.;Angelim-tinto;g;r;ma;9.5;;14.3;0.67;0.90;1.22;12600;89.2;45.5;7.2;9.1;5340;5620;4.6;600;;Andira sp.;16400;124.5;67.3;11.8;15.1;9840;9020;4.1;640;
Dinizia excelsa;Angelim-vermelho;m;r;ma;9.5;5.7;14.5;0.83;1.09;1.26;15300;122.0;61.5;10.5;13.4;10190;11080;5.3;750;;Dinizia excelsa;17300;160.0;87.3;15.1;18.0;14600;13810;3.9;670;1.7
Aspidosperma desmanthum;Aracanga;m;r;la;9.0;5.8;14.5;0.69;0.82;1.22;12900;93.7;48.0;7.6;11.2;7080;6960;5.2;710;;Aspidosperma desmantum;14900;135.6;69.2;12.1;12.9;9430;7970;3.0;560;1.6
Macrolobium acacifolium;Arapari;m;i;ma;6.4;2.9;10.0;0.54;0.63;1.16;7300;58.7;28.1;5.8;8.5;5050;4950;3.4;430;;Macrolobium acadifolium;9100;81.0;43.6;6.8;10.5;6700;5230;3.4;500;2.2
Macrolobium sp.;Araparirana;m;in;ma;8.8;3.7;11.9;0.53;0.64;1.15;9100;63.4;25.7;5.5;8.8;4580;4760;4.0;420;;Macrolobium sp.;10100;84.1;45.4;7.3;13.2;7510;5480;3.8;510;2.4
Protium sp.;Breu;m;in;ma;9.8;5.1;15.0;0.76;1.00;1.12;14300;111.1;51.7;9.3;12.4;8210;7780;3.8;690;;Protium sp.;15800;140.7;80.5;11.8;18.2;12480;10510;4.8;670;1.9
Dacryodes spp.;Breu-branco;m;r;ma;6.5;4.5;11.6;0.51;0.59;1.04;9300;60.1;29.0;5.0;8.4;4460;3680;4.0;490;;Dacryodes spp.;14300;101.6;47.0;7.0;13.6;6320;4300;4.4;510;1.4
Tetragastris altissima;Breu-manga;m;r;ma;9.0;4.6;13.0;0.74;0.95;1.04;12700;101.7;53.2;10.0;13.0;9780;9000;6.9;710;;Tetragastris altissima;14600;137.3;77.9;15.5;18.3;12250;9840;6.6;700;2.0
Protium tenuifolium;Breu-preto;mf;o;ma;8.4;4.2;12.0;0.63;0.80;1.03;12000;87.4;40.1;7.5;10.3;6650;5630;4.2;640;;Protium tenuifolium;12900;116.4;64.5;9.4;14.9;9160;6880;5.0;610;2.0
Tetragastris panamensis;Breu-preto;mf;in;ma;9.8;5.0;14.9;0.75;0.99;1.23;11900;87.0;42.8;8.0;13.2;8300;8220;4.1;630;;Tetragastris panamensis;14300;126.0;61.7;13.1;19.3;13850;11510;5.1;630;2.0
Tetragastris panamensis;Breu-preto;mf;in;ma;9.9;5.1;15.0;0.77;0.92;1.20;12000;96.8;48.7;10.9;14.7;9050;8710;6.0;740;;Tetragastris panamensis;13500;124.9;70.1;14.4;20.5;14150;12920;5.4;810;1.9
Protium heptaphyllum;Breu-sucuruba;mf;d;ma;8.4;4.1;12.6;0.55;0.70;;9600;65.6;30.2;4.1;8.1;3990;3640;3.4;;;Protium heptaphyllum;10000;86.8;49.0;6.9;10.0;4540;3980;5.5;;2.0
Trattinickia burseraefolia;Breu-sucuruba;m;in;ma;7.2;5.1;11.8;0.44;0.56;0.96;7800;50.7;25.3;3.6;6.7;3570;2570;3.1;;;Trattinickia cf. burseraefolia;11200;65.4;46.0;5.9;8.4;4700;3160;3.7;580;1.4
Trattinickia burseraefolia;Breu-sucuruba;m;in;ma;6.8;4.1;11.7;0.50;0.63;;9900;51.7;28.1;;9.4;4540;;3.2;;;Trattinickia cf. burseraefolia;9800;77.8;45.0;5.5;10.1;5200;;3.6;;1.7
Sapium marmieri;Burra-leiteira;m;d;br;7.5;5.6;10.8;0.39;0.48;1.09;8200;43.3;21.4;2.2;5.4;1320;930;2.1;340;;Sapium marmieri;9100;63.9;33.2;3.8;6.7;2340;1470;2.8;380;1.3
Myrocarpus frondosus;Cabreúva-parda;m;i;ma;7.0;4.4;11.3;0.78;0.92;1.18;13800;125.7;63.9;12.2;14.8;11390;10770;5.1;750;;Myrocarpus frondosus;15400;157.2;87.6;13.8;18.2;15590;13950;4.1;580;1.6
Anacardium microcarpum;Cajuaçu;f;d;ci;6.1;3.5;9.7;0.42;0.46;1.10;7100;36.9;19.8;2.5;6.7;2880;2460;2.3;360;;Anacardium microcarpum;9600;56.8;38.3;4.0;8.3;3870;2600;2.4;360;1.7
Anacardium giganteum;Cajuaçu;m;r;ci;6.0;2.7;8.5;0.38;0.49;1.04;8200;34.3;17.8;2.2;6.1;2450;1960;2.4;320;;Anacardium giganteum;10200;65.4;39.1;4.6;7.9;3740;2290;2.6;330;2.2
Anacardium parvifolium;Cajuaçu;m;r;ci;5.4;3.3;8.6;0.44;0.54;1.13;9000;44.2;22.6;3.0;6.8;2850;2330;3.1;330;;Anacardium parvifololium;10800;73.5;35.3;4.2;9.2;4480;3320;2.3;330;1.6
Anacardium spruceanum;Cajuaçu;m;r;ci;6.0;2.9;9.4;0.42;0.52;1.04;8400;44.6;21.1;3.0;6.2;2770;2240;2.9;;;Anacardium spruceanum;10000;65.4;37.2;4.5;6.9;3900;2540;2.9;;2.1
Anacardium tenuifolium;Cajuí;m;d;ci;4.9;3.1;8.7;0.43;0.52;1.13;7800;34.7;19.8;2.7;6.4;3090;2560;2.2;330;;Anacardium tenuiufolium;9700;50.6;33.5;4.1;9.2;3890;2640;2.5;360;1.6
Cassia fastuosa;Canafistula;mg;r;ma;9.1;6.2;15.3;0.71;0.87;1.22;12700;102.5;49.2;10.8;13.6;8840;8810;5.1;590;;Cassia fastuosa;13400;116.2;73.6;13.0;14.7;12500;11340;3.3;470;1.5
Licania octandra;Caraipé;m;d;ci;11.9;6.1;17.4;0.77;1.04;1.25;13800;94.6;46.0;6.7;10.3;8310;8370;3.1;500;;Licania octandra ;17400;164.2;85.0;11.7;15.5;12440;12490;4.1;490;2.0
Licania gracilipes;Caraiperana;m;i;ci;12.5;5.5;18.1;0.82;1.02;1.23;13900;102.7;45.6;10.8;10.8;9540;10110;3.8;630;;Licania gracilipes;16500;161.6;86.1;15.4;16.1;15100;14940;4.2;640;2.3
Joannesia heveoides;Castanha-de-arara;mg;d;ci;6.1;2.8;9.8;0.39;0.48;1.03;6900;40.3;20.5;2.3;5.3;2490;2020;2.7;;;Joannesia heveoides;8400;64.9;35.1;4.9;6.0;3920;2640;3.3;;2.2
Acioa edulis;Castanha-de-cutia;m;r;ma;10.3;8.0;17.5;0.82;1.04;1.23;13700;102.9;48.7;11.9;10.2;8970;9180;4.3;620;;Acioa edulis;16600;153.6;82.6;16.0;15.8;10740;12230;4.4;620;1.3
Acioa sp.;Castanha-de-cutia;m;o;ma;9.7;5.3;15.1;0.79;0.97;1.20;12600;116.1;52.6;12.5;13.2;9510;9350;5.7;520;;Acioa sp.;14900;142.9;75.7;13.4;17.0;14170;12170;5.0;900;1.8
Couepia robusta;Castanha-de-cutia;m;i;ma;11.0;5.8;15.7;0.83;1.03;1.21;13300;104.1;47.9;12.3;10.9;9840;10800;2.6;530;;Couepia robusta;15900;157.6;80.4;19.4;13.3;13610;14540;4.0;590;1.9
Lecythis pisonis;Castanha-sapucaia;m;r;ve;8.0;5.6;13.9;0.84;1.09;1.25;14700;114.1;54.6;11.9;14.9;9160;10960;5.3;670;;Lecythis pisonis;15100;152.9;71.6;15.2;17.5;13250;12840;4.3;590;1.4
Castilla ulei;Caucho;m;r;br;10.5;5.2;16.1;0.39;0.47;1.07;7400;35.3;18.5;1.8;4.8;1460;1050;2.1;260;;Castilla ullei;9100;56.9;37.5;3.7;6.0;2770;1420;1.9;300;2.0
Micrandra minor;Cauchorana;m;d;ma;7.4;2.5;9.8;0.41;0.48;0.99;9500;51.7;22.2;2.7;6.0;2950;2260;3.5;470;;Micrandra minor;10000;74.9;38.6;4.5;10.5;4640;3190;3.3;370;3.0
Cedrela odorata;Cedro;g;d;ro;12.1;9.1;20.8;0.39;0.47;1.06;8400;44.8;22.9;2.3;6.3;2870;2680;3.0;400;;Cedrella odorata;9900;76.8;53.5;4.6;7.0;6140;3240;2.9;410;1.3
Cedrela sp.;Cedro;g;d;ro;6.2;4.4;9.6;0.43;0.53;;7300;50.2;26.0;3.8;6.0;3550;2550;3.6;;;Cedrela sp.;8100;71.4;44.6;5.8;7.5;3240;4450;3.8;;1.4
Cedrelinga catenaeformis;Cedrorana;g;d;ci;8.0;4.1;11.6;0.45;0.56;1.10;10800;55.5;27.2;2.7;7.7;3850;3640;3.3;440;;Cedrellinga catenaeformis;11400;90.5;63.5;6.2;9.9;5710;4700;4.7;590;2.0
Amburana acreana;Cerejeira;g;r;am;5.4;2.9;8.2;0.47;0.57;1.13;8700;54.4;25.7;4.2;7.8;3310;3400;2.8;390;;Amburana acreana;8800;78.5;69.5;10.7;10.6;5200;3990;3.1;450;1.9
Copaifera duckei;Copaíba;m;d;ma;8.2;4.1;12.5;0.62;0.79;1.11;11300;75.3;35.0;6.5;9.1;5380;5430;4.4;;;Copaifera duckei;12300;117.9;60.0;9.9;12.2;8670;6440;4.4;;2.0
Copaifera multijuga;Copaíba;m;d;ma;6.7;3.6;11.4;0.50;0.63;1.10;11100;67.8;30.7;3.6;8.7;4190;3470;3.6;460;;Copaifera multijuga;12100;86.8;50.8;6.6;11.7;6840;4840;3.3;470;1.9
Copaifera reticulata;Copaíba;m;d;ma;8.2;4.1;12.5;0.62;0.79;1.11;11300;75.3;35.0;6.5;9.1;5380;5430;4.4;;;Copaifera reticulata;12300;117.9;60.0;9.9;12.2;8670;6440;4.4;;2.0
Copaifera sp.;Copaibarana;m;d;ma;7.7;3.9;10.3;0.46;0.58;;6900;50.7;26.0;4.8;6.3;2930;2930;3.7;;;Copaifera sp.;9900;66.7;44.0;7.9;8.1;4140;4140;3.1;;2.0
Copaifera sp.;Copaibarana;m;d;ma;6.8;3.9;10.3;0.47;0.62;;11400;58.3;25.2;3.3;7.6;3010;2890;3.8;520;;Copaifera sp.;12300;87.6;54.9;5.9;9.3;4630;3790;4.3;560;1.7
Copaifera sp.;Copaibarana;m;d;ma;7.5;4.9;12.7;0.56;0.72;1.16;9800;69.3;28.8;4.0;9.3;4620;4570;3.1;410;;Copaifera sp.;11800;93.4;61.4;7.0;11.5;7320;5770;3.0;460;1.5
Terminalia cf. argentea;Cuia;m;i;ol;9.8;5.8;15.2;0.80;0.97;1.25;14800;115.2;57.8;10.8;14.0;10120;10600;4.9;730;;Terminalia cf. argentea;15700;144.8;86.3;13.1;14.0;15720;1424;4.5;600;1.7
Buchenavia huberi;Cuiarana;mf;d;ol;9.1;6.0;14.7;0.79;1.04;1.24;13200;103.5;53.8;10.5;10.6;9560;9830;5.9;;;Buchenavia huberi;15600;158.0;85.3;;16.7;13580;11860;4.6;;1.5
Terminalia amazonica;Cuiarana;m;o;ol;7.8;5.2;12.8;0.80;1.03;1.24;11700;106.8;51.8;12.6;11.9;9020;9280;5.2;;;Terminalia amazonica ;14300;148.9;79.5;14.3;14.2;11660;10140;5.3;;1.5
Dipteryx odorata;Cumaru;m;r;am;8.4;5.4;13.5;0.91;1.07;1.28;16200;136.4;69.3;16.0;16.9;12920;13930;6.4;930;;Dipteryx odorata;18300;176.4;98.7;21.0;22.4;13390;16010;4.9;870;1.6
Goupia glabra;Cupiúba;m;r;ma;8.9;5.0;13.1;0.71;0.88;1.17;11800;92.1;47.1;9.3;12.1;7510;7050;5.2;690;;Goupia glabra;13000;118.4;66.2;12.9;15.5;11510;9740;;700;1.8
Goupia glabra;Cupiúba;m;r;;8.4;4.5;13.2;0.71;0.92;1.13;11700;91.6;48.5;9.4;12.5;7780;7470;6.6;730;;Goupia glabra;14900;134.0;68.9;14.8;14.8;10190;8300;4.2;560;1.9
Diclinanona calycina;Envira;m;d;ol;10.1;3.2;13.6;0.47;0.61;1.07;9000;64.9;27.5;;6.1;3270;3250;3.1;;;Diclinanona calycina;11300;95.4;49.8;;7.6;5160;4030;3.1;;3.2
Rollinia exsucca;Envira;m;d;ci;8.8;3.2;12.3;0.52;0.66;1.02;11600;75.4;36.6;3.9;7.9;4480;3810;;530;;Rollinia exsucca;12000;91.4;53.3;;8.6;5390;3920;;300;2.8
Xylopia nitida;Envira;m;d;ol;11.4;6.7;16.6;0.56;0.75;1.09;14100;69.4;35.5;3.5;7.9;4150;3450;3.1;370;;Xylopia nitida;16200;119.3;63.3;5.8;8.6;6690;5070;2.3;480;1.7
Pterocarpus sp.;Envira-de-preguiça;f;d;br;5.4;3.3;9.8;0.43;0.55;1.02;8900;55.6;25.6;4.5;8.9;3030;2070;3.3;400;;Pterocarpus sp.;10400;84.1;39.6;5.0;12.6;5680;4150;3.3;450;1.6
Guatteria olivacea;Envira-preta;m;d;ol;9.3;4.4;13.0;0.51;0.85;1.11;10200;57.5;26.4;;8.3;4030;3230;3.5;430;;Guatteria olivacea;11400;92.0;43.1;3.1;8.9;5920;4850;3.9;;2.1
Guatteria procera;Envira-preta;mg;d;ol;11.4;7.2;18.5;0.65;0.89;1.17;14800;80.4;37.1;4.4;8.8;4990;4880;;460;;Guatteria procera;15600;123.9;70.5;5.5;10.7;7590;6660;2.7;500;1.6
Onychopetalum amazonicum;Envira-preta;m;d;ol;8.1;4.9;14.0;0.57;0.74;1.12;13400;73.7;38.8;3.4;8.9;5080;4350;2.7;;;Onychopetalum amazonicum;14000;126.5;71.0;6.4;10.4;6800;5710;2.9;;1.7
Onychopetalum amazonicum;Envira-preta;m;d;ol;8.7;3.9;12.7;0.64;0.82;1.09;12400;87.2;43.5;4.7;7.6;6060;5770;3.3;410;;Onychopetalum amazonicum;15300;125.2;66.5;6.6;10.4;8220;6950;2.4;510;2.2
Virola carinata;Envirola;mf;d;ma;9.6;4.5;13.9;0.38;0.48;1.07;8800;37.3;17.8;1.9;5.5;2430;2210;2.6;260;;Virola carinata;10200;63.3;40.2;2.5;5.7;;2350;2.2;310;2.1
Acacia polyphylla;Espinheiro-preto;m;d;am;10.1;4.9;14.0;0.60;0.74;1.20;11400;77.0;30.9;4.6;10.1;3230;3250;4.9;540;;Acacia polyphylla;13200;106.6;59.0;8.7;11.7;6910;4960;3.5;650;2.1
Parkia paraensis;Fava-arara-tucupi;m;i;ci;7.6;3.5;11.9;0.44;0.56;1.01;10400;52.0;23.6;3.0;7.8;3120;2560;3.2;450;;Parkia paraensis;11700;75.0;39.4;4.7;9.8;3990;3370;3.5;570;2.2
Parkia gigantocarpa;Fava-bolota/Visqueiro;m;r;br;5.8;2.2;8.8;0.26;0.31;0.95;6100;29.4;13.0;1.6;4.4;2070;1690;1.9;210;;Parkia gigantocarpa;9000;31.2;22.6;2.0;6.4;2350;1710;1.7;230;2.6
Stryphnodendron pulcherrimum;Fava-branca;m;i;ma;7.5;5.1;11.1;0.48;0.61;1.00;10300;64.2;30.0;3.7;9.2;4420;3650;3.2;400;;Stryphnodendron pulcherrimum;12100;97.8;45.8;4.9;12.5;7450;5940;3.1;370;1.5
Parkia oppositifolia;Faveira;m;i;br;5.3;2.7;8.7;0.31;0.38;0.90;6600;29.4;16.0;2.1;6.3;2670;2060;3.6;450;;Parkia oppositifolia;9700;83.6;35.5;5.6;9.7;3050;2740;3.2;390;2.0
Parkia oppositifolia;Faveira;m;d-r;;5.4;2.7;7.9;0.42;0.50;1.08;7700;46.0;22.0;4.2;7.7;3310;2790;3.6;450;;Parkia nitida;9700;83.6;35.5;5.6;9.6;4130;2910;3.2;390;2.0
Parkia sp.;Faveira;m;d;br;5.4;2.4;8.1;0.29;0.32;1.06;5600;31.3;15.2;2.1;5.1;2450;1850;1.5;250;;Parkia sp.;6300;39.9;24.0;2.3;5.5;;;1.4;240;2.3
Parkia pendula;Faveira-bolota;m;i;br;7.8;3.8;10.5;0.50;0.63;1.13;10000;65.7;30.7;4.3;9.5;4260;3970;4.0;560;;Parkia pendula;11800;86.4;49.2;7.2;11.5;5450;4290;4.0;510;2.1
Parkia pendula;Faveira-bolota;m;i;br;7.2;2.5;10.0;0.51;0.63;1.10;9600;66.0;32.3;4.9;8.3;4680;4250;4.0;;;Parkia pendula;11000;93.9;48.9;7.8;9.9;5340;4350;3.8;;2.9
Piptadenia communis;Faveira-folha-fina;m;in;ma;7.4;4.5;13.3;0.68;0.88;1.12;10900;100.5;51.9;10.4;11.2;7120;7380;4.9;;;Piptadenia comunis;13700;118.3;70.0;11.7;13.4;7360;7570;3.8;;1.6
Enterolobium maximum;Faveira-tamboril;mg;r;ma;4.5;2.4;6.7;0.37;0.44;1.05;7300;44.2;20.2;2.6;7.2;3110;2750;3.0;;;Enterolobium maximum;9400;83.6;43.4;6.0;9.0;3930;2880;3.1;;1.9
Enterolobium maximum;Faveira-tamboril;mg;r;ma;4.6;2.3;6.8;0.42;0.50;1.05;7900;56.9;29.0;5.9;6.1;3390;2970;2.7;340;;Enterolobium maximum;7800;49.8;38.4;4.2;7.8;5040;3390;2.3;320;2.0
Ficus insipida;Figueira;m;r;br;9.7;5.0;14.1;0.36;0.45;1.09;6400;37.5;19.4;2.3;4.8;1240;860;2.3;280;;Ficus insipida;8100;62.8;38.4;4.0;6.6;2120;1220;2.0;310;1.9
Cordia bicolor;Freijó;m;d;br;11.7;6.3;18.0;0.49;0.67;1.10;9600;56.1;27.7;3.0;5.9;3690;3430;2.8;;;Cordia bicolor;12100;82.9;50.9;3.8;7.8;5730;4370;3.4;;1.9
Cordia goeldiana;Freijó;m;i;ci;6.6;4.1;10.6;0.48;0.60;0.92;8500;65.0;32.8;3.4;6.8;4180;3600;3.5;;;Cordia goeldiana;10400;93.2;51.7;6.2;8.5;6080;4520;3.1;;1.6
Cordia sagotii;Freijó;m;d;ci;7.7;3.8;11.3;0.50;0.63;0.92;9700;66.8;33.0;4.2;6.2;3920;3660;2.6;;;Cordia sagotti;10000;88.1;48.8;;7.7;5250;4000;3.5;;2.0
Cordia sp.;Freijó;m;d;;8.1;4.5;11.4;0.50;0.63;;8500;63.3;31.5;3.4;6.9;4220;3650;2.9;;;Cordia sp.;;;;;;;;;;1.8
Apuleia molaris;Garapeira;m;r;ma;10.1;6.5;15.9;0.75;0.88;1.25;11600;92.2;43.2;13.5;11.2;6380;7200;4.8;620;;Apuleia molaris;12900;127.2;64.4;15.8;13.1;7450;8450;5.6;680;1.6
Brosimum utile;Garrote;m;r;ma;7.7;4.8;12.0;0.47;0.58;1.12;9300;51.1;24.4;2.8;6.8;3090;2750;2.5;340;;Brosimum utile;11600;77.4;47.0;4.8;10.1;5870;4290;2.9;380;1.6
Glycydendron amazonicum;Glícia;m;o;ro;7.6;4.9;12.0;0.66;0.84;1.11;12500;80.3;39.9;5.1;9.5;5690;5390;4.4;470;;Glycydendron amazonicum;15200;128.4;66.3;10.4;13.7;8730;7580;3.4;460;1.6
Pouteria pachycarpa;Goiabão;mf;i;am;11.2;6.2;16.5;0.73;0.93;1.19;13100;100.9;46.0;7.2;10.2;8280;7440;5.4;650;;Pouteria pachycarpa;17200;164.8;84.2;11.2;18.5;15520;13070;4.7;820;1.8
Pouteria pachycarpa;Goiabão;mf;i;am;12.6;6.5;18.1;0.74;1.01;1.17;15800;116.0;55.3;6.7;11.3;7680;7530;4.6;460;;Pouteria pachycarpa;16700;158.6;75.5;11.8;17.1;12330;10930;5.9;640;1.9
Clarisia racemosa;Guariúba/Oiticica;m;r;am;7.1;3.7;9.6;0.56;0.66;1.17;11200;79.3;38.8;7.5;8.8;5770;5460;4.2;570;;Clarisia racemosa;12400;111.0;65.8;9.5;11.9;7910;6280;2.9;510;1.9
Inga alba;Ingá;mg;o;ma;9.6;4.0;13.3;0.62;0.80;1.17;11500;81.1;38.3;5.7;11.6;5920;5620;4.3;630;;Inga alba;13600;123.1;61.4;8.3;14.6;8630;6430;4.6;720;2.4
Inga paraensis;Ingá/Ingarana;mg;in;ma;10.7;5.3;15.9;0.82;1.09;1.26;14600;121.4;52.0;9.6;15.3;10990;11480;;1010;;Inga paraensis;18300;186.6;85.0;14.7;21.8;15180;13900;;;2.0
Macrosamanea pedicellaris;Ingá-de-porco;m;r;ma;7.6;4.3;11.0;0.49;0.61;1.15;10300;63.9;29.6;4.3;8.6;3920;4310;3.6;450;;Macrosamanea pedicellaris;11900;99.2;51.0;8.0;12.2;8320;6030;4.2;500;1.8
Inga sp.;Ingarana;mg;in;ma;9.6;4.1;12.0;0.58;0.74;1.17;13500;117.0;46.6;10.6;13.9;9790;9100;6.7;830;;Inga sp.;15800;161.1;83.7;13.7;20.6;15160;12910;7.8;710;2.3
Tabebuia serratifolia;Ipê;m;r;ol;8.0;6.6;13.2;0.92;1.19;1.2;20400;157.9;72.5;16.1;14.8;11940;13890;6.4;;;Tabebuia serratifolia;13100;172.6;86.9;25.3;13.7;14800;14060;3.9;;1.2
Tabebuia sp.;Ipê;m;r;ol;6.8;6.1;12.4;0.87;1.02;1.24;13300;157.0;83.9;17.0;13.4;12910;14050;3.3;770;;Tabebuia sp.;16200;187.7;103.8;21.3;17.4;14050;;4.5;760;1.1
Tabebuia cf. incana;Ipê-amarelo;m;r;ma;8.4;5.9;13.3;0.82;1.05;1.21;15900;125.7;73.7;15.1;11.9;13620;13590;3.6;680;;Tabebuia cf. incana;16800;177.0;105.4;21.7;15.8;;;4.5;690;1.4
Mezilaurus lindaviana;Itaúba;mg;i;ol;8.3;3.3;11.6;0.68;0.86;1.09;10400;75.5;36.5;8.9;8.5;4300;4380;4.6;;;Mezilaurus lindaviana;12800;117.0;57.3;9.7;8.6;4520;4500;4.1;;2.5
Mezilaurus itauba;Itaúba-amarela;mg;i;ol;6.8;3.0;10.1;0.68;0.85;;9800;85.0;39.8;9.0;9.3;4740;5600;5.8;;;Mezilaurus itauba;10800;111.3;56.5;9.7;8.6;5540;5540;5.6;;2.3
Mezilaurus itauba;Itaúba-amarela;mg;i;ol;7.9;2.6;10.5;0.70;0.88;1.14;10600;87.3;42.1;9.5;10.0;5450;5880;5.5;;;Mezilaurus itauba;12300;114.4;58.3;11.0;10.3;5500;5910;4.7;;3.0
Callophyllum brasiliense;Jacareúba;m;r;ma;8.4;5.4;12.9;0.54;0.69;;6900;55.9;28.5;5.5;7.3;4550;3640;4.4;;;Calophyllum brasiliense;8700;89.4;54.3;9.7;10.8;8020;5780;4.6;;1.6
Brosimum alicastrum;Janitá;m;d;ma;9.4;5.6;16.0;0.74;0.99;1.23;13700;97.1;44.5;6.5;11.1;6870;6930;3.8;570;;Brosimum alicastrum;16300;155.7;87.9;11.4;15.1;11510;9340;4.5;700;1.7
Pouteria sp.;Jará;f;d;ma;9.7;5.9;15.2;0.72;0.92;1.24;13800;97.1;48.8;8.1;10.8;7590;7100;4.8;670;;Pouteria sp.;17200;158.3;80.4;13.1;13.4;12250;10970;4.9;700;1.6
Hymenaea courbaril;Jatobá;m;in;ma;7.7;3.4;11.4;0.76;0.96;1.24;14600;109.3;55.9;10.1;14.8;9020;9650;6.9;880;;Hymenaea courbaril;15900;139.9;77.3;14.1;19.4;12530;11160;6.8;760;2.3
Hymenaea parvifolia;Jatobá/Jutaí-mirim;m;in;ve;9.7;3.7;13.4;0.90;1.16;1.30;15700;122.5;61.3;16.0;17.2;10570;12220;7.7;980;;Hymenaea parvifolia;17300;173.2;96.6;19.2;23.6;16710;17200;6.6;730;2.6
Cariniana micrantha;Jequitibá-rosa;m;d;ma;8.1;5.1;14.0;0.58;0.68;1.06;;;;;;;;;;;Cariniana micrantha;12800;110.4;51.2;7.4;;4670;4400;5.2;710;1.6
Dialium guianense;Jutaipeba;f;r;ma;9.2;5.0;13.7;0.85;1.02;1.28;13400;107.2;55.9;17.9;15.0;12210;12240;6.2;890;;Dialium guianense;17500;192.3;92.2;22.3;22.8;17220;16670;4.5;730;1.8
Sapium aereum;Leiteiro;m;d;br;7.8;4.2;12.1;0.40;0.52;1.08;7800;40.7;21.3;2.2;5.2;1240;1010;2.1;330;;Sapium aereum;10100;71.4;44.3;5.2;7.0;2780;1720;2.8;370;1.9
Beilschmiedia brasiliensis;Louro;m;i;ma;9.4;6.2;14.3;0.59;0.73;1.14;11800;60.8;27.2;4.8;7.8;3490;3380;3.4;410;;Beilschmiedia brasiliensis;13800;114.1;48.5;5.9;12.0;5740;5700;3.5;540;1.5
Roupala montana;Louro/Faeira;g;d;ma;12.3;6.3;18.0;0.77;1.05;1.24;14800;99.4;49.7;8.7;10.9;8050;8390;6.1;790;;Roupala montana;17300;161.4;84.6;11.2;15.7;9760;9840;6.3;870;2.0
Licaria rigida;Louro/Louro-amarelo;m;in;am;9.1;5.3;13.5;0.73;0.95;1.11;14100;99.4;53.4;6.3;12.3;7550;7030;3.7;630;;Licaria rigida;17900;168.8;87.2;13.0;17.1;10770;9160;5.4;570;1.7
Ocotea neesiana;Louro-canela;m;r;ol;7.7;4.2;10.2;0.55;0.69;0.93;10600;71.6;36.8;4.6;10.3;4000;3510;5.9;520;;Ocotea neesiana;12100;110.1;61.2;7.3;12.7;5030;4580;5.6;;1.8
Ocotea sp.;Louro-canuaru;m;r;;6.9;4.3;9.9;0.59;0.73;1.06;12200;77.9;43.3;;;;;;420;;Ocotea sp.;14000;129.2;63.2;12.3;9.0;5670;5510;3.0;470;1.6
Ocotea sp.;Louro-canuaru;m;r;ma;7.8;3.6;11.1;0.63;0.71;1.04;12800;84.9;44.0;6.8;10.4;4820;5140;5.0;610;;Ocotea sp.;14300;122.1;64.7;9.9;12.6;5340;5360;4.9;710;2.2
Ocotea bracellensis;Louro-inhamuí;m;r;;6.8;3.6;10;0.55;0.68;;8400;66.9;32.7;7.9;6.1;4810;4450;6.1;;;Ocotea bracellensis;10300;101.3;57.3;9.5;9.5;5510;5150;6.2;;1.9
Ocotea fragrantissima;Louro-preto;m;r;ma;5.7;3.0;10.1;0.48;0.58;0.94;10000;69.2;32.9;4.5;9.2;4250;3470;4.0;580;;Ocotea fragrantissima;10500;93.4;48.1;6.2;12.4;4890;4820;4.0;460;1.9
Nectandra cuspidata;Louro-tamanco;m;r;am;6.0;4.0;9.1;0.40;0.46;0.82;7600;44.2;26.7;3.6;7.9;3310;3080;2.8;320;;Nectandra cuspidata;8700;67.4;38.4;3.9;8.7;3420;3430;3.5;440;1.5
Nectandra rubra;Louro-vermelho;m;r;ro;7.9;3.2;11.2;0.55;0.69;1.05;8900;62.0;30.9;4.7;6.9;3110;3260;3.5;;;Nectranda rubra;10900;79.4;50.9;4.9;7.5;3420;3430;3.0;;2.5
Platymiscium sp.;Macacauba;;;;4.6;2.8;6.6;0.75;0.90;;10600;109.3;54.3;11.1;9.8;9140;9110;6.0;;;Platymiscium sp. ;;;;;;;;;;1.6
Manilkara huberi;Maçaranduba;f;d;ma;9.3;7.1;16.4;0.87;1.07;1.27;15400;127.2;68.3;16.8;12.5;10880;11180;3.5;870;;Manilkara huberi;17400;179.7;110.9;17.3;17.1;15150;13820;5.1;880;1.3
Manilkara sp.;Maçaranduba;f;d;ma;9.4;6.7;15.0;0.89;1.17;;12000;125.3;59.1;14.9;12.0;10460;10320;5.3;;;Manilkara sp.;14200;172.9;84.1;19.8;15.8;15320;14640;6.9;;1.4
Zanthoxylon regnelianum;Maminha-de-porca;m;d;ol;8.6;5.8;11.4;0.50;0.60;1.12;10200;74.7;32.6;4.7;8.9;3380;3050;3.4;630;;Zanthoxylon regnelianum;11000;108.7;52.5;7.7;9.8;5230;3590;3.4;560;1.5
Qualea cf. lancifolia;Mandioqueira;m;r;ci;8.1;3.1;11.5;0.58;0.73;1.15;11800;69.5;32.6;5.4;7.9;5070;4700;4.4;;;Qualea cf lancifolia ;12800;109.7;60.0;7.0;10.5;5860;4860;4.2;;2.6
Qualea brevipedicellata;Mandioqueira-áspera;mg;r;ma;8.6;4.4;13.6;0.74;0.96;1.17;14000;105.5;62.6;8.4;12.4;9150;8640;5.4;710;;Qualea brevipedicellata ;15900;134.6;81.4;14.5;13.4;11250;9820;2.3;490;2.0
Qualea dinizii;Mandioqueira-escamosa;m;i;ci;9.1;4.6;13.5;0.54;0.69;1.14;9900;67.4;29.9;5.9;9.0;;2700;4.7;650;;Qualea dinizii;11600;104.4;52.4;8.3;10.0;;2710;3.9;540;2.0
Qualea albiflora;Mandioqueira-lisa;m;r;ci;9.5;5.3;14.7;0.57;0.75;1.14;11100;67.4;40.4;4.5;9.6;5390;4470;3.8;490;;Qualea albiflora;13100;109.5;58.4;7.9;13.3;8460;6130;4.5;530;1.8
Manilkara bidentata;Maparajuba/Maçaranduba;f;d;ma;8.3;5.9;13.8;0.83;1.08;1.26;12600;108.1;53.9;12.7;12.9;6690;7810;6.0;670;;Manilkara amazonica;13800;130.7;64.8;15.5;16.3;8870;9280;5.7;440;1.4
Pouteria obscura;Maragonçalo;f;i;ma;7.4;4.4;11.8;0.64;0.81;1.21;11500;86.5;40.9;7.5;10.5;6540;6080;4.4;740;;Pouteria obscura;13300;126.9;63.1;14.3;13.2;;;3.4;520;1.7
Zizyphus itacaiunensis;Maria-preta;f;r;ma;9.9;6.9;15.7;0.80;0.97;1.26;14000;103.6;50.5;12.7;14.0;9570;9730;5.5;690;;Zizyphus itacaiunensis;16500;159.7;89.2;14.8;19.8;16680;15110;5.9;730;1.4
Simarouba amara;Marupá;m;d;br;6.8;4.8;8.3;0.37;0.45;1.12;6700;44.5;19.9;2.9;6.1;1670;1230;3.7;420;;Simarouba amara;7400;65.3;33.7;4.5;7.1;2760;1430;2.8;390;1.4
Simarouba amara;Marupá;m;d;br;5.9;2.6;8.8;0.38;0.44;0.98;7300;46.3;21.6;2.7;6.0;2710;2210;2.8;;;Simarouba amara;8200;66.4;35.2;4.7;7.1;4390;2670;3.2;;2.3
Eschweilera grandiflora;Matamatá;m;d;ol;8.0;4.6;14.9;0.76;0.85;1.24;13400;95.6;44.6;8.3;8.8;7460;8040;2.8;510;;Eschweilera grandiflora;14800;138.7;68.6;11.3;12.9;8830;9050;5.6;540;1.7
Eschweilera longipes ;Matamatá;m;d;ol;9.6;5.6;14.5;0.69;0.98;1.20;13400;104.7;47.6;8.2;9.5;6420;6830;3.6;530;;Escheweilera longipes;16100;136.7;68.0;10.1;18.1;11810;10930;4.4;550;1.7
Eschweilera sp.;Matamatá;m;d;ol;10.7;6.0;16.1;0.81;1.08;1.26;16000;120.4;58.1;10.7;12.1;10540;11870;7.0;680;;Eschweilera sp.;19300;175.1;88.1;18.3;20.9;14920;13900;;890;1.8
Eschweilera coriacea ;Matamatá-preto;m;d;ol;10.6;4.3;14.9;0.69;0.91;1.21;12500;88.5;38.3;12.0;10.3;7140;7440;;470;;Escheweilera odora;14100;127.1;59.8;9.8;12.6;12400;11360;3.8;;2.5
Eschweilera coriacea ;Matamatá-preto;m;d;ol;9.7;5.6;16.4;0.73;0.98;1.24;13200;102.9;43.3;10.3;9.5;7570;8540;4.0;540;;Eschweilera coriacea;15600;140.1;69.3;13.0;11.4;9630;11020;3.9;740;1.7
Lecythis idatinon;Matamatá-vermelho;m;in;ma;10.3;4.9;15.3;0.76;1.00;1.26;12800;99.8;50.3;9.7;12.1;8000;8800;4.1;680;;Lecythis idatimon;15000;143.8;70.7;11.6;14.7;11110;10620;4.1;770;2.1
Alexa grandiflora;Melancieira;mg;o;br;9.9;4.7;14.5;0.60;0.79;1.17;9800;69.6;34.8;8.6;8.5;5230;5290;4.6;;;Alexa grandiflora;13300;111.4;59.4;9.6;12.2;7680;6460;4.8;;2.1
Mouriri callocarpa;Miraúba;f;i;ol;11.1;7.1;17.4;0.88;1.09;1.28;14400;117.7;59.4;12.2;12.7;11320;11580;3.7;660;;Mouriri callocarpa;17500;192.0;96.3;22.4;19.0;17950;18290;5.9;650;1.6
Schefflera morototoni;Morototó;m;d;br;9.1;6.7;15.7;0.41;0.54;1.03;9000;40.1;17.5;2.0;6.4;2620;1970;2.9;340;;Schefflera morototoni;11300;72.5;40.5;4.6;10.6;4890;3580;3.9;620;1.4
Licania oblongifolia;Mucucurana;m;r;ci;11.7;5.9;19.6;0.83;0.94;1.24;13400;96.3;46.8;10.4;11.3;9910;9670;4.1;500;;Licania oblongifolia;15400;136.6;76.6;14.8;19.0;15690;14300;4.4;580;2.0
Astronium gracile;Muiracatiara;m;r;ma;8.0;5.3;11.9;0.73;0.93;1.14;13800;90.6;49.0;7.7;11.3;5830;6850;;700;;Astronium gracile;16300;133.3;71.5;10.0;17.1;8410;7900;4.7;710;1.5
Astronium ulei;Muiracatiara;m;in;ma;8.1;4.3;12.2;0.71;0.91;1.06;13200;89.2;45.9;6.1;14.7;6490;7060;4.4;610;;Astronium ulei;13700;117.5;70.5;13.9;17.1;8300;7640;5.5;800;1.9
Astronium lecointei;Muiracatiara-rajada;mf;r;ma;7.2;4.1;11.0;0.75;0.94;;11500;102.6;53.1;11.3;10.0;6720;6840;6.9;;;Astronium lecointei;13200;148.5;85.8;14.9;12.0;7840;8830;;;1.8
Astronium lecointei;Muiracatiara-rajada;mf;r;ma;7.6;4.6;11.9;0.79;1.00;1.19;13200;104.2;52.3;9.9;13.7;8010;9060;5.3;750;;Astronium lecointei;15300;139.1;84.0;14.1;17.1;8910;9780;5.5;630;1.7
Cassia scleroxylon;Muirapixuna;m;i;pr;8.2;3.6;11.5;1.01;1.28;1.34;14800;130.5;77.1;23.5;16.9;10790;12430;3.8;880;;Cassia scleroxylon;16700;184.4;98.2;23.2;20.3;14830;15580;3.3;740;2.3
Maquira sclerophylla;Muiratinga;m;i;br;9.4;4.2;13.7;0.57;0.74;1.09;10400;76.8;37.0;5.6;8.9;5600;5180;5.0;;;Maquira sclerophylla;11500;112.9;61.8;8.6;12.2;8420;6300;4.0;;2.2
Eriotheca longipedicellata;Munguba-grande-da-terra-firme;m;i;ma;9.8;4.5;14.9;0.45;0.59;1.08;8000;48.8;22.8;3.4;5.3;2950;2720;2.2;;;Eriotheca longipedicellata;10600;89.5;48.6;6.0;8.3;6300;4690;3.6;;2.2
Brosimum acutifolium;Mururé;m;r;ma;7.8;4.8;12.6;0.55;0.70;1.06;10000;67.2;31.1;4.5;7.2;4460;4150;3.9;600;;Brosimum acutifolium;11900;102.0;55.7;7.9;9.9;6940;5080;4.2;550;1.6
Brosimum acutifolium;Mururé;m;r;;9.1;5.0;14.1;0.67;0.91;1.18;11100;93.7;43.8;7.2;10.8;4460;4150;3.3;;;Brosimum acutifolium;14500;140.2;78.5;15.0;16.3;;;4.0;;1.8
Jacaranda copaia;Parapará;m;d;br;8.2;5.4;13.9;0.31;0.40;0.84;7100;34.6;15.7;1.5;4.0;2030;1400;1.7;;;Jacaranda copaia;8900;56.2;31.3;3.1;6.1;3360;1920;2.9;;1.5
Parkia multijuga;Paricá grande da terra firme;m;i;ci;7.0;2.9;9.8;0.38;0.47;1.09;7200;49.9;23.0;3.7;6.6;3290;2890;3.7;;;Parkia multijuga;8800;61.8;37.7;5.7;8.2;4090;3030;3.9;;2.4
Parinari excelsa;Parinari;m;d;ma;10.2;5.3;14.8;0.75;0.92;1.25;14500;107.4;51.1;8.6;10.5;8750;7880;3.7;610;;Parinari excelsa;16500;148.8;83.1;15.7;15.0;13340;11440;5.7;540;1.9
Euxylophora paraensis;Pau-amarelo;m;d;am;6.1;4.5;11.1;0.68;0.81;1.20;9400;94.9;41.8;9.6;11.8;7420;6650;6.2;;;Euxylophora paraensis;13000;117.6;71.1;13.6;10.8;12680;11210;4.5;;1.4
Euxylophora paraensis;Pau-amarelo;m;d;am;7.8;6.5;13.1;0.69;0.89;1.20;12400;99.8;47.2;9.8;12.6;7800;8000;4.6;590;;Euxylophora paraensis;14000;129.4;70.8;12.2;18.1;10920;8460;4.2;580;1.2
Drypetes variabilis;Pau-branco;f;r;ol;11.3;5.8;15.9;0.71;0.95;1.24;12900;94.2;41.8;7.7;11.0;8010;7620;4.7;700;;Drypetes variabilis;16200;146.7;73.9;12.6;16.5;13150;11420;4.3;690;1.9
Laetia procera;Pau-jacaré;mf;i;am;12.0;5.1;17.1;0.68;0.92;1.20;12900;75.5;36.9;5.9;12.4;6520;5830;5.9;;;Laetia procera;15600;129.6;66.0;10.0;16.5;11450;9900;5.0;;2.4
Laetia procera;Pau-jacaré;mf;i;am;11.3;5.4;17.2;0.68;0.84;1.16;14100;79.9;37.4;6.3;8.8;6410;5730;7.0;700;;Laetia procera;15700;122.7;68.2;9.9;13.4;10920;8720;6.4;750;2.1
Zollernia paraensis;Pau-santo;f;r;pr;9.6;5.0;16.8;0.97;1.26;1.32;16300;148.7;68.8;14.2;14.6;11930;13360;4.7;670;;Zollernia paraensis;18200;191.5;97.4;27.5;18.8;14900;14790;4.7;510;1.9
Apeiba echinata;Pente-de-macaco;mg;d;ci;6.5;2.3;9.3;0.36;0.44;0.78;5800;42.3;20.4;3.0;4.8;2860;2140;2.7;;;Apeiba echinata;6800;53.9;32.4;4.5;6.3;3900;2530;3.0;;2.8
Caryocar sp.;Pequiá;m;r;;8.1;5.0;13.2;0.60;0.77;;8600;74.1;38.9;9.3;10.2;5600;5910;6.4;;;Caryocar sp.;10200;103.5;60.5;12.6;10.7;7120;7500;5.6;;1.6
Caryocar villosum;Pequiá;m;r;ci;8.5;4.3;12.6;0.63;0.78;1.17;10000;74.3;32.2;9.1;10.3;3720;3920;5.5;640;;Caryocar villosum;11400;101.8;47.4;9.5;12.4;4960;5140;5.6;580;2.0
Caryocar glabrum;Pequiarana;m;r;am;8.7;4.0;11.9;0.61;0.78;1.16;13200;80.4;33.6;6.7;10.3;5530;5970;4.0;680;;Caryocar glabrum;14100;80.6;59.8;8.6;14.7;8170;7450;5.8;730;2.2
Rauvolfia paraensis;Peroba-d'água;f;d;am;9.0;4.7;13.3;0.55;0.71;1.11;;;;;;;;;;;Rawolfia paraensis;12800;113.5;58.3;9.7;13.6;;;5.9;760;1.9
Aspidosperma macrocarpon;Peroba-mico;f;r;ma;6.2;4.4;11.5;0.65;0.78;1.11;13600;98.6;52.2;9.2;12.2;7290;6110;3.7;;;Aspidosperma macrocarpum;14100;139.0;66.4;12.3;15.1;10780;8400;3.3;500;1.4
Schizolobium amazonicum;Pinho-cuiabano;m;o;br;5.1;4.3;11.1;0.49;0.62;1.13;9400;54.3;23.6;4.4;7.4;3880;3310;3.4;360;;Schizolobium amazonicum;8200;56.5;34.1;4.6;11.0;4570;;;370;1.2
Sclerobium aff. Chrysophyllum;Pinho-cuiabano;m;o;br;7.4;3.7;11.0;0.62;0.78;1.12;11400;86.1;42.5;7.8;11.2;6760;5990;5.2;;;Sclerobium aff. chrysophyllum;12500;118.0;60.3;11.2;13.7;7820;6070;4.8;;2.0
Trichilia lecointei;Pracuúba-da-terra-firme;mf;in;ma;8.2;4.4;13.2;0.90;1.16;1.27;13600;107.6;55.5;14.0;14.8;8670;10380;5.7;710;;Trichilia lecointei;16700;160.8;88.1;18.6;18.9;13320;14330;5.3;640;1.9
Aniba canelilla;Preciosa;m;in;pr;8.2;6.4;13.6;0.92;1.19;1.30;16400;139.4;74.9;14.7;14.9;12250;12750;5.9;900;;Aniba canelilla;17900;187.5;99.7;20.6;18.8;15000;15280;2.9;550;1.3
Vochysia ferruginea;Quaruba;m;d;ro;10.7;5.0;14.1;0.41;0.53;1.13;7500;50.5;21.8;3.5;6.3;2070;1820;3.4;510;;Vochysia ferruginea;;;;;;;;2.4;360;2.1
Erisma uncinatum;Quarubarana/Cedrinho;m;d;ma;10.0;4.3;13.4;0.46;0.59;1.11;9200;59.3;27.5;3.1;7.3;3580;2820;2.7;370;;Erisma uncinatum;10600;87.8;52.5;6.1;8.9;5900;3940;2.9;;2.3
Erisma uncinatum;Quarubarana/Cedrinho;m;d;ma;8.7;3.6;12.9;0.48;0.62;1.10;8700;59.0;30.0;3.3;6.1;3840;3240;2.7;370;;Erisma uncinatum;11000;89.2;50.7;5.7;8.0;5730;3990;3.1;380;2.4
Vochysia guianensis;Quaruba-rosa;mg;r;ro;11.5;5.0;17.5;0.54;0.73;1.14;11500;71.4;29.6;3.9;7.1;4080;3850;3.5;480;;Vochysia guianensis;14300;123.7;66.6;6.9;12.5;7930;7100;4.9;610;2.3
Vochysia melinonii;Quaruba-rosa;mg;r;ro;10.8;4.7;14.1;0.51;0.66;1.15;9400;56.8;29.3;3.7;8.6;4410;4190;3.4;410;;Vochysia melinonii;12100;99.7;54.9;5.1;12.0;7050;5850;4.3;700;2.3
Vochysia obdensis;Quaruba-rosa;m;r;ro;10.0;3.2;12.7;0.50;0.64;1.08;9900;61.3;30.4;4.4;7.9;4550;4280;3.8;460;;Vochysia obdensis;12700;102.6;54.0;6.1;10.5;6850;5350;4.3;580;3.1
Vochysia maxima;Quaruba-verdadeira;mg;r;ro;9.1;3.3;13.0;0.46;0.59;;8000;52.0;26.3;5.3;5.6;3750;3380;2.7;;;Vochysia maxima ;9600;83.3;45.6;5.4;8.0;5490;4040;3.4;;2.8
Vochysia maxima;Quaruba-verdadeira;mg;r;ro;8.8;4.0;12.1;0.49;0.62;1.11;9500;61.7;30.0;4.9;8.6;4420;4340;3.8;430;;Vochysia maxima;11400;93.0;48.5;5.8;10.2;5600;4810;3.5;510;2.2
Micropholis venulosa;Rosadinho;f;i;ma;9.7;4.7;14.0;0.67;0.87;1.21;13000;80.4;41.3;6.6;10.8;6450;5820;4.0;650;;Micropholis venulosa;14200;;66.2;10.2;14.7;10180;7800;4.0;600;2.1
Pouteria anomala;Rosadinho;f;d;;9.1;5.7;14.4;0.73;0.90;1.25;13900;100.8;49.7;11.4;12.0;8210;8400;4.5;640;;Pouteria anomala;16300;164.9;85.4;15.7;;;;4.3;690;1.6
Pouteria anomala;Rosadinho;f;d;;9.4;6.3;15.2;0.75;0.99;1.22;14100;112.5;54.1;8.5;11.9;9030;9140;5.3;760;;Pouteria anomala;16200;165.9;86.8;14.3;;;;4.6;710;1.5
Chysophyllum anomalum;Rosadinho/Mangarana;f;d;ma;9.1;5.7;14.4;0.73;0.96;1.25;13900;100.8;49.7;11.4;12.0;8210;8400;5.3;760;;Chysophyllum anomalum;16200;165.9;86.8;14.3;14.5;12800;10760;4.6;710;1.6
Chysophyllum anomalum;Rosadinho/Mangarana;f;d;ma;9.4;6.3;15.2;0.75;0.90;1.22;14100;112.5;54.1;8.5;11.9;9030;9140;4.5;640;;Chysophyllum anomalum;16200;164.9;85.4;15.7;19.3;14630;11670;4.3;690;1.5
Peltogyne cf. subsessilis;Roxinho/Pau-roxo;m;d;rx;8.7;5.0;13.4;0.79;0.97;1.26;14000;109.8;53.6;16.2;13.7;9790;10630;4.2;740;;Peltogyne cf.subsessilis;16000;161.5;120.7;17.8;15.8;13020;13340;6.0;890;1.7
Peltogyne paniculata;Roxinho/Pau-roxo;m;r;rx;8.1;5.1;12.7;0.81;1.03;1.27;15700;131.7;69.4;20.7;14.5;11990;13310;4.4;780;;Peltogyne paniculata;18100;190.8;92.3;20.3;18.5;16500;15360;2.9;490;1.6
Micrandra rossiana;Seringarana;f;d;ma;9.0;5.2;13.8;0.67;0.81;1.19;12000;77.1;34.7;5.0;10.3;5790;5720;4.6;500;;Micrandra rossiana;14700;130.7;68.6;9.9;15.3;11350;8730;4.7;640;1.7
Allantoma lineata;Seru;f;i;ci;7.5;5.5;11.6;0.60;0.75;1.21;10200;66.1;28.9;5.4;8.1;4230;4430;3.4;490;;Allantoma lineata;13000;117.1;59.1;11.5;;5040;5230;3.1;510;1.4
Malouetia duckei;Sorva;f;i;ci;9.2;3.7;12.7;0.57;0.73;1.15;10800;70.0;32.4;4.2;8.6;4670;4060;4.5;670;;Malouetia duckei;12900;114.4;60.4;9.9;14.9;8320;6030;6.5;610;2.5
Enterolobium schomburgkii;Sucupira amarela;mg;r;am;9.3;4.2;12.7;0.84;1.08;1.21;14900;117.9;58.1;14.2;15.4;8840;9860;6.4;780;;Enterolobium schomburgkii;17100;164.8;80.2;15.1;17.7;9460;10640;5.6;810;2.2
Diplotropis purpurea;Sucupira-da-terra-firme;m;r;ma;8.8;6.7;15.6;0.74;0.90;1.19;16800;113.5;56.8;10.2;13.2;7940;7820;3.5;760;;Diplotropis purpurea;16700;146.3;96.1;12.7;16.6;10060;8460;6.0;740;1.3
Bowdichia nitida;Sucupira-preta;m;r;;8.5;5.8;14.2;0.74;0.96;1.20;15900;114.5;62.2;9.6;13.7;9920;9860;3.6;670;;Bowdichia nitida;17000;156.4;102.9;16.4;;;;5.3;700;1.5
Bowdichia nitida;Sucupira-preta;m;r;ma;7.4;4.5;12.3;0.77;0.98;;11400;115.9;56.6;13.5;11.9;9710;9700;5.9;;;Bowdichia nitida;13800;157.0;88.5;16.3;12.8;13010;11530;4.3;;1.6
Bowdichia nitida;Sucupira-preta;m;r;ma;9.0;6.0;14.7;0.85;0.96;1.22;16400;136.9;74.6;10.1;14.9;12030;12660;6.4;780;;Bowdichia nitida;17000;156.4;102.9;16.4;19.4;15140;12470;4.2;670;1.5
Ceiba pentandra;Sumaúma;m;d;ci;5.5;2.7;9.3;0.29;0.36;1.01;4300;26.9;12.8;1.6;3.0;1490;1330;1.8;;;Ceiba petandra ;4500;39.9;24.2;1.9;3.8;2360;1540;1.9;;2.0
Sterculia apeibophylla;Tacacazeiro/Axixá;g;d;ma;10.6;5.4;15.4;0.47;0.61;1.10;9400;57.2;26.2;2.8;6.5;2010;1870;2.8;400;;Sterculia apeibophyll;10700;85.9;47.0;5.0;9.0;4160;3110;3.2;470;2.0
Sterculia pilosa;Tacacazeiro/Axixá;mg;d;ma;11.0;4.8;15.9;0.53;0.71;1.10;10000;61.9;28.3;3.6;6.3;3860;3950;3.1;;;Sterculia pilosa;12000;99.0;51.8;5.1;9.4;6330;5170;4.1;;2.3
Sterculia speciosa;Tacacazeiro/Axixá;g;d;ma;10.6;5.2;16.2;0.49;0.65;1.09;11300;60.7;25.6;2.7;7.1;3590;3230;3.1;;;Sterculia speciosa;12000;99.0;51.8;5.1;9.4;5090;4240;4.1;;2.0
Sterculia speciosa;Tacacazeiro/Axixá;g;d;ma;11.0;4.8;15.9;0.53;0.71;;10000;61.9;28.3;3.6;6.3;3860;3950;2.8;350;;Sterculia speciosa;13900;92.3;47.4;4.9;8.9;6330;5170;2.4;430;2.3
Tachigali cavipes;Tachi-branco;m;r;ol;6.3;4.6;9.7;0.40;0.55;1.02;7900;33.3;20.9;3.2;7.6;4060;3230;2.4;360;;Tachigali cavipes;10400;83.9;45.3;4.4;8.8;4610;3710;3.2;440;1.4
Tachigali multijuga;Tachi-preto;m;r;ol;7.4;4.2;12.8;0.57;0.64;1.13;13200;78.6;33.3;5.1;8.4;5250;4890;2.7;530;;Tachigali multijuga;12100;99.9;61.1;7.9;11.7;5950;4850;5.2;530;1.8
Caraipa densiflora;Tamaquaré;m;i;;9.9;6.5;15.6;0.63;0.77;1.21;12700;80.6;36.7;4.7;9.6;5060;4680;3.8;560;;Caraipa densifolia;15100;131.8;66.1;9.3;13.0;8870;6900;3.7;590;1.5
Buchenavia capitata;Tanibuca;m;r;ol;11.6;5.9;16.7;0.70;0.84;1.26;11500;82.7;40.8;10.0;10.3;5010;4650;4.0;630;;Buchenavia capitata;12700;109.8;60.5;13.2;11.6;11330;7440;3.5;540;2.0
Buchenavia cf. viridiflora;Tanibuca;m;o;ol;9.3;5.7;11.2;0.67;0.88;1.19;11200;97.4;44.6;11.0;13.2;8240;7240;;530;;Buchenavia cf. viridiflora;13300;120.3;67.4;12.5;17.5;14020;9940;5.7;480;1.6
Buchenavia grandis;Tanibuca;m;r;ol;7.4;4.7;12.2;0.72;0.89;1.22;10600;90.1;43.7;8.7;11.0;7760;7550;5.1;590;;Buchenavia grandis;11100;97.6;69.7;13.7;16.6;13520;10940;4.0;;1.6
Buchenavia sp.;Tanibuca;m;o;ol;7.4;3.9;12.7;0.72;0.86;1.19;12200;99.9;47.8;9.6;11.6;7850;7540;4.1;600;;Buchenavia sp.;14300;138.9;74.4;14.5;16.1;15740;12830;4.5;580;1.9
Spondias lutea;Taperebá/Cajá;m;d;br;7.4;4.2;10.4;0.38;0.48;1.05;6900;41.8;18.5;2.0;5.2;1280;950;3.1;;;Spondias lutea;7600;46.9;30.2;3.0;5.9;2150;1220;2.9;;1.8
Spondias lutea;Taperebá/Cajá;m;d;br;6.0;2.5;9.5;0.38;0.45;;7000;40.0;17.9;2.2;4.6;2480;2020;2.4;400;;Spondias lutea;7900;47.7;31.5;3.8;6.2;3370;2040;2.9;350;2.4
Tapirira guianensis;Tatapiririca;mf;d;ma;8.3;3.6;11.5;0.50;0.63;0.96;9100;57.1;28.6;4.1;8.2;4400;3710;3.9;;;Tapirira guianensis;11100;84.7;46.2;6.9;10.9;5450;4040;5.5;;2.3
Couratari guianensis;Tauari;m;d;ci;6.1;3.6;10.4;0.52;0.65;1.11;9400;68.5;32.4;5.8;8.3;4810;4290;5.2;;;Couratari guianensis;11700;106.1;55.0;7.9;10.4;6650;5160;4.2;;1.7
Couratari oblongifolia;Tauari;m;d;br;6.1;3.6;10.4;0.49;0.61;1.09;9500;58.9;27.7;4.6;6.9;3800;3560;3.3;;;Couratari oblongifolia;10800;90.5;47.7;6.2;8.7;5420;3800;3.7;;1.7
Couratari oblongifolia;Tauari;m;d;br;6.6;4.2;10.9;0.50;0.63;1.13;10200;64.9;29.8;4.0;8.9;3990;3720;4.6;550;;Couratari oblongifolia;11100;84.7;45.5;6.4;10.6;5890;4690;3.8;490;1.6
Couratari stellata;Tauari;m;d;am;7.8;5.8;13.4;0.65;0.84;1.13;13400;99.0;45.4;8.3;9.8;6950;6790;5.4;;;Couratari stellata;14600;136.7;70.5;11.8;13.1;8950;7100;4.6;;1.3
Tachigali sp.;Taxi;m;r;ol;7.0;4.1;11.9;0.48;0.58;1.03;10500;68.2;28.0;3.6;9.8;4010;3380;3.1;540;;Tachigali sp;10800;97.3;47.9;6.2;12.1;6740;4620;3.6;580;1.7
Sclerolobium paraense;Taxi-branco;m;r;ol;8.3;4.0;12.3;0.61;0.78;1.17;12500;89.4;43.3;7.1;12.8;7370;7200;5.1;670;;Sclerolobium paraense;13700;125.8;65.7;11.5;17.7;10940;8900;4.8;680;2.1
Sclerolobium poeppigianum;Taxi-preto/Taxi-pitomba;m;i;ci;8.1;4.2;12.6;0.65;0.83;1.17;12900;94.5;47.4;6.0;10.8;6770;6450;4.3;540;;Sclerolobium poeppigianum;13400;131.3;69.0;10.6;18.1;8140;6710;4.9;650;1.9
Sclerolobium chrysophyllum;Taxi-vermelho;m;i;ol;8.0;4.2;12.1;0.61;0.78;1.07;11800;79.7;44.4;5.4;12.2;7320;7270;4.9;590;;Sclerolobium chrysophyllum;13800;117.0;57.5;9.0;15.6;8510;6430;4.8;520;1.9
Tachigali myrmecophila;Taxizeiro preto;m;r;ol;7.3;4.1;11.1;0.56;0.71;1.07;10500;78.7;37.7;7.1;10.5;5810;5030;2.3;330;;Tachigali myrmecophila;11200;107.0;57.8;9.3;12.2;7620;5620;3.0;360;1.8
Ormosia coccinea;Tento;g;r;ro;6.7;3.9;10.9;0.58;0.72;1.18;9000;63.1;33.8;7.2;8.8;5680;5520;3.7;510;;Ormosia coccinea;10100;96.5;51.0;11.0;12.5;7640;6250;3.7;500;1.7
Ormosia paraensis;Tento;g;r;ro;10.3;4.7;14.7;0.67;0.73;1.17;13200;86.2;45.8;8.1;9.6;6660;6490;3.7;510;;Ormosia paraensis;14900;125.2;72.0;10.8;12.7;8830;8370;3.7;500;2.2
Ormosia paraensis ;Tento;g;r;;8.6;4.8;13.8;0.65;0.73;1.19;8900;44.8;36.5;8.7;8.2;6190;6270;0.9;360;;Ormosia paraensis ;10400;82.9;45.3;9.6;12.7;8320;6940;2.3;390;1.8
Piptadenia suaveolens;Timborana;m;in;ma;7.1;4.9;11.3;0.72;0.91;1.10;12300;108.3;51.9;10.4;11;7120;7380;4.6;670;;Piptadenia suaveolens;15700;149.8;79.8;14.2;16.2;8980;9790;5.4;680;1.4
Piptadenia suaveolens;Timborana;m;in;ma;8.3;5.1;13.1;0.76;0.98;1.17;13400;107.9;54.1;8.9;13.9;7390;8350;5.6;670;;Piptadenia suaveolens;13400;128.5;69.7;11.5;12.6;7330;7850;5.1;;1.6
Pouteria oblanceolata;Tuturubá;f;d;ma;8.9;5.2;13.8;0.79;0.96;1.27;13800;115.4;54.8;11.1;11.4;10140;10100;4.4;540;;Pouteria oblanceolata;15700;156.2;79.4;14.0;16.3;;;4.1;510;1.7
Endopleura uchi;Uchi-liso;m;d;ma;9.6;6.4;15.6;0.78;1.04;1.18;14600;116.3;55.6;8.0;13.9;9540;9120;5.5;580;;Endopleura uchi;15600;156.7;16.3;13.3;19.1;13370;10590;6.3;480;1.5
Virola michellii;Ucuúba-da-terra-firme;m;d;;9.9;4.7;14.8;0.50;0.66;1.04;10000;57.7;26.9;3.2;6.8;3820;3380;4.3;;;Virola michelii;12100;97.2;52.2;5.0;10.1;6710;4720;4.9;;2.1
Iryanthera grandis;Ucuubarana;mf;d;ma;8.7;5.4;13.5;0.63;0.82;1.12;10900;73.9;36.0;5.4;8.1;4140;4400;4.2;;;Iryanthera grandis;12700;108.5;60.9;8.3;9.8;5280;5420;4.7;;1.6
Osteophloeum platyspermum;Ucuubarana;m;d;ma;9.4;5.3;14.5;0.46;0.59;1.01;9600;43.1;21.1;1.9;5.8;2640;2330;2.6;350;;Osteophloeum platyspermum;12100;80.3;44.6;3.6;10.4;4950;3910;2.7;420;1.8
Osteophloeum platyspermum;Ucuubarana;m;d;;7.4;3.6;10.8;0.50;0.59;1.12;11000;57.7;27.2;3.7;7.5;3210;3020;3.8;470;;Osteophloeum platyspermum;12600;89.8;46.9;5.1;9.2;4440;3500;3.6;430;2.1
Bixa arborea;Urucu-da-mata;m;d;ma;6.0;2.6;9.1;0.32;0.39;0.88;6500;45.3;22.1;2.4;5.2;2840;1540;2.1;;;Bixa arborea;7700;55.5;36.5;4.0;6.4;3960;1980;2.4;;2.3
Sloanea nitida;Urucurana;m;d;ma;11.2;5.3;18.6;0.90;1.08;1.30;15100;118.4;58.6;12.9;15.9;11920;12420;4.7;800;;Slonea nitida;18100;174.9;97.4;20.0;16.3;16860;1840;8.6;820;2.1
Sloanea sp.;Urucurana;m;d;ma;8.7;5.6;15.5;0.72;0.96;1.21;13100;127.2;44.5;9.5;10.8;8720;8830;4.1;900;;Slonea sp.;16300;152.9;78.3;16.1;22.8;18990;19080;3.4;;1.6
Swartzia recurva;Urucurana;m;d;am;8.5;6.2;15.0;0.77;0.92;1.22;16700;108.1;49.4;7.9;10.7;8230;8320;5.7;750;;Swartzia recurva;17000;157.1;74.5;15.3;17.4;12820;1120;4.6;690;1.4
Vantanea parviflora;Uxirana;m;i;ma;10.3;8.2;17.6;0.86;1.17;1.20;16600;125.9;66.3;9.9;13.6;10750;10430;5.9;720;;Vantanea parviflora ;17900;173.2;88.1;15.5;18.1;15740;13370;4.8;580;1.3
Virola surinamensis;Virola;mf;d;ma;8.6;3.2;12.0;0.35;0.44;1.09;7700;35.1;15.4;1.4;4.3;1990;1600;2.0;200;;Virola surinamensis;8700;58.9;36.2;2.8;;;;2.7;410;2.7
Tachigali cf. myrmecophila;;m;r;ol;7.5;5.2;11.9;0.57;0.72;1.12;11500;82.2;40.2;5.3;11.4;5980;5880;4.8;620;;Tachigali cf. myrmecophila;13200;133.2;58.6;9.0;14.4;8770;8030;3.8;620;1.4
